id,y,p_ampscan_rf,len,charge,gravy,muh,aromatic,n_cys,seq
NEG_AMPLIFY_trNEGATIVE0523,0,0.9851386683336512,13,0.9976959793948302,2.023076923076923,0.47749979102254625,0.07692307692307693,0,FLPIIAKLVSGLL
NEG_AMPLIFY_teNEGATIVE0635,0,0.9789804035822576,10,1.9970610427312316,0.72,0.3940909625176448,0.2,0,AKTFKYIILG
NEG_AMPLIFY_trNEGATIVE1691,0,0.9779173544586558,12,4.997397725496164,-1.4666666666666668,0.6291960300855953,0.0,0,VARGGKTKGRRG
NEG_AMPLIFY_trNEGATIVE0896,0,0.9744033323805054,5,-0.0020157006072527572,2.48,0.06994196791564997,0.0,0,PAVVL
NEG_AMPLIFY_trNEGATIVE3217,0,0.9744033323805054,14,0.9982013571750824,0.8642857142857142,0.43145697360830565,0.07142857142857142,0,INWLKLGKAVIDAL
NEG_AMPLIFY_trNEGATIVE0933,0,0.9703470782596542,5,-0.0020157006072527572,2.7199999999999998,0.2922103383719861,0.0,0,IALTV
NEG_AMPLIFY_trNEGATIVE2728,0,0.9688612934818036,10,-0.0020157006072527572,1.07,0.24350163613341774,0.2,0,AGVWTVWGTI
NEG_AMPLIFY_trNEGATIVE1668,0,0.9583187818450908,7,-0.0020157006072527572,3.185714285714286,0.1533463949656933,0.14285714285714285,0,LVTLVFV
NEG_AMPLIFY_trNEGATIVE2286,0,0.9562574778048316,21,3.9982862355890783,-0.7619047619047619,0.4322846686850243,0.09523809523809523,0,FANTIRLLINKVREWKNKQSS
NEG_AMPLIFY_trNEGATIVE2065,0,0.9562574778048316,13,2.9973427401286488,-0.4307692307692308,0.5789949106066214,0.3076923076923077,0,FLNPFRWVINKYR
NEG_AMPLIFY_trNEGATIVE0992,0,0.9540991166217808,21,3.9984449967036486,-1.4047619047619047,0.3733753890672163,0.23809523809523808,0,FLNPFRWVINKYREWKNKKDS
NEG_AMPLIFY_trNEGATIVE0894,0,0.9494747891473988,12,3.9976546102257298,-2.65,0.1950615515798361,0.16666666666666666,0,INKYREWKNKKN
NEG_AMPLIFY_trNEGATIVE1833,0,0.9470003028130208,21,2.9988281290163115,-0.8666666666666666,0.35158842073797303,0.14285714285714285,0,FINTIKLLIEKYREWKNKQSS
NEG_AMPLIFY_trNEGATIVE2806,0,0.9470003028130208,20,3.9984449967036486,-1.6149999999999998,0.3330601755827923,0.2,0,LNPFRWVINKYREWKNKKDS
NEG_AMPLIFY_trNEGATIVE23884,0,0.9444117229711794,7,-0.0639904165326108,1.3,0.07701659369307477,0.14285714285714285,1,AWLVTCP
NEG_AMPLIFY_trNEGATIVE2477,0,0.9359153337429632,16,2.0965058389729125,-0.15625,0.35531640307850804,0.0625,0,SGSAKVAFSAIRSTNH
NEG_AMPLIFY_trNEGATIVE2848,0,0.9328237534475188,24,3.9723619289705856,-1.0958333333333334,0.30287224243869987,0.08333333333333333,2,SLGGKPDLRPCYPPCHYIPRPKPR
NEG_AMPLIFY_trNEGATIVE3195,0,0.9328237534475188,21,3.9984449967036486,-1.0428571428571427,0.3650442656285273,0.14285714285714285,0,FINTIRLLINKYREWKNKKDS
NEG_AMPLIFY_trNEGATIVE0119,0,0.9328237534475188,24,4.071521716514599,-1.175,0.31167795816701344,0.041666666666666664,2,SLGGKPDLRPCHPPCHYIPRPKPR
NEG_AMPLIFY_trNEGATIVE1809,0,0.9295942483872978,20,4.997651298925479,-1.55,0.3609005265162325,0.25,0,FLNPFRWMINKYREWKNKKN
NEG_AMPLIFY_trNEGATIVE3224,0,0.9295942483872978,14,2.997404348096663,0.21428571428571427,0.3350204459379852,0.21428571428571427,0,MKAIFVLKGWWRTS
NEG_AMPLIFY_trNEGATIVE2390,0,0.9295942483872978,14,1.873458227546197,0.02857142857142855,0.22259865864025732,0.2857142857142857,2,AGCKNFFWKTFTSC
NEG_AMPLIFY_teNEGATIVE0517,0,0.9227011685338642,15,1.9974076593969132,0.8733333333333333,0.17623066251048217,0.06666666666666667,0,ALSVPVFAVAPLNKK
NEG_AMPLIFY_trNEGATIVE0827,0,0.9190272617725738,19,4.997651298925479,-1.7789473684210524,0.3176613978865131,0.21052631578947367,0,LNPFRWMINKYREWKNKKN
NEG_AMPLIFY_trNEGATIVE1108,0,0.915194788176906,20,1.9973460514288988,0.82,0.044343435896757585,0.1,0,TVKVTVTGAAGQIGYALLFR
